,0,1,2,3,4,5,6,7
0,0.8756025354068527,0.17448173169030312,0.9164660375397697,0.9622520274843493,0.04977201854681845,0.8791243363520139,0.821297069763091,0.21131755649614925
1,0.4617412406469269,0.5362682841077476,0.050730112929751825,0.25204310589762546,0.07283973493960527,0.9716101439512792,0.4632642197201282,0.5035265612415653
2,0.6279522187641122,0.7882867378224766,0.876770950438672,0.8029286097336412,0.6652078210237459,0.03790191247382413,0.3753502194627193,0.172501598949223
3,0.2025079986185916,0.6091811249725797,0.06033106097736929,0.05163598009319659,0.49110789650913855,0.7619248348699244,0.0029158298347936595,0.7633631232374796
4,0.06450048096607885,0.8291571213681909,0.44643636847108237,0.9048584510011779,0.07106693206322023,0.7801799105601696,0.7785535657870483,0.5784016412968159
5,0.26265993439448676,0.18617726644723243,0.8332478229811054,0.038955815052359344,0.5816753587945118,0.8359461097048555,0.2983939603816055,0.19279897176666516
6,0.7796831704822845,0.6930742924433873,0.2737579810623728,0.3022191986486441,0.47308181440696484,0.08928723620562262,0.1866560479851641,0.9232278721725918
7,0.706641642340101,0.817255028051342,0.7070528270242143,0.703172382864012,0.5529801923303745,0.21164860959013954,0.13182933042523604,0.9776732081665213
8,0.2879047541322317,0.0492924065515683,0.39812528669531155,0.8394517901190462,0.10064814439919478,0.006712202161762382,0.40889872280359973,0.486322684759563
9,0.6379877150880524,0.4640734768476368,0.6755371196147678,0.10626887636993498,0.8169165927580759,0.11931776774927616,0.7043180439755594,0.8757497063643137
10,0.7250377384817781,0.35398536439244366,0.9687913971360281,0.1537636726625854,0.5282823700182919,0.7839684404364717,0.02507815804921043,0.10057137681841688
11,0.8185717385045582,0.8546517008394795,0.040907849565294585,0.33177166448260453,0.11055358175137242,0.24344818569611393,0.4950805378972266,0.7265549125188818
12,0.5540082702925142,0.26478640539431864,0.6324458114153344,0.8448105207838484,0.7976922832388169,0.86818078001134,0.2638763112157255,0.5740690658453788
13,0.06418338046657701,0.4179992591665074,0.1056456919231461,0.3354321620296161,0.31964135017784945,0.9611304457425274,0.25005936239081095,0.5358317331211513
14,0.6086956519006398,0.824385027430598,0.07381085183598668,0.3216215667189146,0.15208116597211807,0.044222303229006554,0.5155674527964097,0.8104562978501432
15,0.8101610203128695,0.6395172988618365,0.6047159662446892,0.0019309976541068696,0.9391137940821312,0.6415354181518095,0.17667996724587653,0.19292191854494223
16,0.5936936818390371,0.8999227288562192,0.6298863387835143,0.25615427414178293,0.8199680429246651,0.24451265927970323,0.19179365437370177,0.230801110685655
17,0.6261799814452037,0.9534649734230124,0.7931013062353829,0.48615895680892773,0.7351580120800217,0.29834537533892613,0.8374318696719147,0.3803518528799099
18,0.6887414294015278,0.7593927919191453,0.20609232281055634,0.35653571449781274,0.6466279525522163,0.7180178610074007,0.31705654634688374,0.6943897964073622
19,0.34916027911405845,0.27082859979189167,0.9461387113445003,0.946844072069065,0.8537554224449663,0.5972727974360409,0.21558973161805106,0.8700452210437536
20,0.16265266927878597,0.44285268932350275,0.61882626483977,0.19224195543408595,0.505766148140665,0.4174782659739513,0.37594167338436746,0.8550401004566772
21,0.659549903180911,0.946598296004319,0.3864446122255486,0.9456476331271925,0.33950769994311536,0.20673742885874768,0.9627984863401545,0.07958902494248477
22,0.7993951563300704,0.17895144730932655,0.6709529403425034,0.19177095608907047,0.6109294848421876,0.6153165683195251,0.7575627404441968,0.13756214306407544
23,0.9410557425784198,0.8469674515189977,0.7444991488650805,0.512138909963556,0.31548776315055804,0.7557937200213013,0.7844947897993924,0.3309040030261362
24,0.22744775532406425,0.22959058006706534,0.6876268245444414,0.0011383911742155473,0.5997643881486768,0.6763931484721525,0.5494985330600645,0.0680649319857376
25,0.24415921298075982,0.5631053683382212,0.5512091781714273,0.6323995087459048,0.31893959618055734,0.5184489388042471,0.9147918872030872,0.8886827491890056
26,0.975001884222628,0.17910940106408724,0.11780726398711161,0.19085455998332745,0.5186725241773297,0.6399496519710273,0.9234086863393004,0.422342447871513
27,0.1449135788605317,0.5700943321484643,0.13592022381552182,0.7323154582086122,0.4612113606063831,0.08604845537440964,0.2292012012378949,0.014114787068697066
28,0.15534170716792217,0.49653262115934393,0.22940159264256232,0.08964017714658523,0.13284477248919924,0.39671218485989557,0.8307191000904324,0.2191936164488134
29,0.879398884611116,0.5625463219393693,0.842836796789768,0.166173261805884,0.7022273446281853,0.3450111035877317,0.35310412889107257,0.7992169171438354
30,0.1594401112237548,0.0012612341772592073,0.15234827323997613,0.9665312518695507,0.7363965248663834,0.7907698194417101,0.1064142704856228,0.29525251288455723
31,0.23913741003481437,0.17587937828763645,0.8967825253821399,0.25579627959763584,0.5460830042240142,0.6721014380551206,0.36808367125824126,0.8259762342048612
32,0.2900921211579953,0.6940807572020986,0.15955074960642235,0.5633947533578554,0.5502092379555774,0.9122780017291612,0.30456312181503786,0.9358885591532607
33,0.78575824608835,0.6129577209407857,0.04290521715607998,0.2640680750467945,0.9681180231433846,0.48030975524741404,0.4786665898684136,0.610894734578005
34,0.1931595535704157,0.7152031196569043,0.21319328843103835,0.899243765578402,0.8267060806751867,0.10154764785229342,0.16969011389256772,0.38730105404422843
35,0.7790484256492224,0.6745442703221627,0.4989183741049442,0.10244631906269164,0.9925529367874425,0.9294733682719781,0.7864988800255736,0.47242710856563774
36,0.5508308557350288,0.17357411881935314,0.7038522554018949,0.9560239704146815,0.5699761799533596,0.8274511171680771,0.2317250588961829,0.8799104653389578
37,0.34188433858003675,0.745056806290768,0.6438552817785698,0.7544110315200994,0.938457639857276,0.200369267913176,0.26139844121701006,0.03491932454986857
38,0.3780509417866249,0.436068371083138,0.007761750328300843,0.10914356351022891,0.1222664006437616,0.31074802281711034,0.11753083744266957,0.17073973867112946
39,0.32467455250239374,0.4117424229622094,0.6278281060267599,0.8532625661771294,0.7826910492390059,0.23293259184192916,0.8867734240957474,0.3801748975553003
40,0.8795733288186567,0.9801750014694796,0.10327776420472601,0.1005472093979547,0.5107840425413485,0.3047969669817837,0.8315330464696775,0.4970184562916995
41,0.49108587416664784,0.04031690021239731,0.32180818017259094,0.8893516720884735,0.5913263483732806,0.4581965797570755,0.9933135550421069,0.7644972977003341
42,0.3147428989282426,0.5795005728911509,0.3916006232509419,0.5538148826797827,0.3261875832714858,0.5594248405825332,0.848836027601717,0.002480959762764412
43,0.17257245553680067,0.07241867663276269,0.25552854100946076,0.2450154443848872,0.23670311504226516,0.3502205092188134,0.5855281699724029,0.8101851220748199
44,0.023698427063366778,0.4889684195070909,0.7670296364510811,0.22816576080651318,0.9789904883342992,0.17403260929738917,0.7027799159973175,0.832106973951674
45,0.12055058430900167,0.22652865351116935,0.48082636374758203,0.6807288299555769,0.5736129529398373,0.3216443276040847,0.306935334791842,0.9070853886170608
46,0.2348341051482793,0.7845304222825414,0.6829569906420331,0.350745783734715,0.3515650980299072,0.3375766429364736,0.10720237055003157,0.4127448486376607
47,0.13356626786351677,0.4210960939977171,0.40787759940513113,0.8749255010963659,0.3202712281412414,0.1611059550471472,0.26338391630302493,0.7402680825965684
48,0.5545270749247638,0.0703620884900602,0.8938069304282489,0.6481247509108556,0.23791521493839796,0.4442729149950657,0.027430108394670638,0.34886287809886685
49,0.7324699921019355,0.9038482984603989,0.5685975001601971,0.14945017268291272,0.09741181699127444,0.17177686414950566,0.12519908407740543,0.4775901503910731
50,0.9683000408250285,0.1056570752561542,0.7907592954945271,0.31857335142673004,0.16352975134602166,0.9126535637321758,0.647651761402918,0.6886899237629819
51,0.2977752695489455,0.4591562341124513,0.027505024205757844,0.03551028390446531,0.9902451741982105,0.6388875818411353,0.45121595397100567,0.3644396811819214
52,0.8991939723354124,0.2975652729872805,0.9159645280831996,0.5128743446666508,0.4061638857425023,0.19739704843464168,0.35814934454924874,0.899112706822958
53,0.5987997410133388,0.5679449636269968,0.5056348806425423,0.9366948152788539,0.14432189077988677,0.6031964165935558,0.1984566378272281,0.6294341004506512
54,0.8481897844261266,0.12178937080306695,0.15957693529594486,0.8799487554673113,0.6161814694207977,0.01474318922883422,0.7063636926111796,0.4016062819742464
55,0.3292078901427554,0.9557715325007087,0.22939814993516472,0.5258210921931962,0.1655903076571571,0.4235590253962581,0.8914455108274838,0.7804096842406176
56,0.045022351648872805,0.1790492734770719,0.4077030753297024,0.061615782790659934,0.10254722592108834,0.318527451661926,0.923145518155307,0.6877341977971907
57,0.6236874849830027,0.028802163451324136,0.14259571190177556,0.2217691302377527,0.11431489748283263,0.16125161669938548,0.8029677506063541,0.29993427690804664
58,0.27454140270768324,0.7699992591402025,0.3676571964344467,0.9294550411315708,0.2268892886362036,0.22923573356122506,0.7303828578979479,0.00017493188280803817
59,0.5492357386325581,0.3757780127164094,0.7686070175371149,0.12524574212604955,0.05408564908198632,0.8014424274690259,0.7026552548919206,0.43573076872859906
60,0.30647943757953044,0.46399138402874185,0.0019147161062615936,0.9381519798247603,0.9420960604988412,0.5311461059139548,0.9631017427216036,0.7786572983092327
61,0.883335267803024,0.36517117000237787,0.33807817641457716,0.43470162550664915,0.5005082565920975,0.5259870764166357,0.40622609064089843,0.4907691091678781
62,0.7452431051406332,0.7945081586294904,0.05656493341295388,0.37537937241750297,0.18242881702943992,0.30567153810619485,0.12246512435635415,0.9802446660225144
63,0.5322036503341779,0.7629310451293928,0.0920096666126543,0.6231660750837272,0.9776439549380432,0.8374283846636433,0.7100427322058158,0.06589609395772622
64,0.14901710102805832,0.22395838597670514,0.745862919075463,0.08047044925431135,0.8103409445739651,0.33402895774865826,0.3378326535455529,0.06982277847112872
65,0.43509352932424616,0.1428041491556723,0.6423843787494341,0.44775762829315935,0.06228762194376214,0.060851886226906515,0.8812221758341579,0.5928717928267349
66,0.3882395268572444,0.8355731304306191,0.29770104387187746,0.24060239949529483,0.3189764906378556,0.31284335970667754,0.0998705368412861,0.8806304454157663
67,0.0828886380589875,0.036557357101073884,0.7403772220550587,0.1035066240175414,0.8324694721078661,0.03507023033314094,0.1959569020497649,0.6246966287147168
68,0.30974053407288216,0.3166966511729925,0.325307740899045,0.4547259753791162,0.8695742213516993,0.394285946820052,0.7444890946687646,0.2363709727720127
69,0.8042872287033387,0.0933121342709532,0.6749131018283427,0.34051430130207594,0.3886624384085471,0.3777211794197989,0.027720957964315174,0.032063632702915235
70,0.02516199225268445,0.9994415259400082,0.4741040089462232,0.6592566129181571,0.4402817171701824,0.9517981140464779,0.8167202900948608,0.8623684724377394
71,0.6844023476718212,0.4005194446826409,0.25381618280182316,0.9839034917928657,0.6431504946827,0.3966199720385374,0.20413645821239046,0.329900175054185
72,0.7672311556745512,0.8548808291072495,0.7768415940752275,0.04586421779020078,0.8116792829294821,0.3905754958015545,0.7050718280399376,0.9243330570630399
73,0.5131189746252247,0.47047084900971825,0.026916422918803806,0.0901914224506325,0.7772741229807133,0.3400332366073304,0.4812037402838214,0.963952175869185
74,0.6187097423468139,0.7389564801505021,0.47170483163974686,0.9747987014916962,0.09559275569001291,0.5918235616648525,0.261733928638476,0.10832236321117938
75,0.5426580979443321,0.3293140981134419,0.3467154054654489,0.8617298601118277,0.4606433840503579,0.30266252407339866,0.6524754833231339,0.6885295580115445
76,0.4511672576406087,0.6410779784858445,0.3851106375031471,0.6227881835475999,0.2974760803129278,0.05396557928143919,0.8227138154221518,0.6068656812290149
77,0.266132331891606,0.09975246108044833,0.23515953333727857,0.4290020156873505,0.4555507067228962,0.8098117558700035,0.49074436136141,0.1727828927331546
78,0.5341882048302061,0.7217067228360805,0.5570248014867034,0.14513916891076417,0.0432671959273242,0.045165333930086926,0.5386523006864505,0.5868352864698261
79,0.14775704292218073,0.9753897650124131,0.15532193369365577,0.8999977681329517,0.9106935581351352,0.657793223716291,0.951886596584168,0.5336722609517945
80,0.5031460955675577,0.8638995206460949,0.03723211897133294,0.5993694518920978,0.12258164802423488,0.11150175095260184,0.682220139954511,0.17608971989352273
81,0.5861696811271631,0.8053344683798354,0.7057077815528187,0.0394330082870511,0.7283424483792466,0.18166951159109213,0.8173502627595708,0.3856357307390751
82,0.8638184908596066,0.5637798222412946,0.6371572634794278,0.14007646053325684,0.3630202037715776,0.14896794244285194,0.8632746121300526,0.700690051753054
83,0.23252319513906072,0.6206116038354059,0.5000614895673278,0.11065078762540304,0.0933254012939917,0.6171303012152857,0.6362858320077647,0.22630149995772186
84,0.5980894930368442,0.9702693167751051,0.8646801848850604,0.6445400856106177,0.4415939774585844,0.8526570667101245,0.334112713691616,0.8320446109686573
85,0.9252094083673564,0.07905910998052745,0.7492066823067748,0.3792689723169679,0.9919486723926224,0.5062470264330157,0.8936464785113563,0.11432510175527255
86,0.34877903791526,0.9420315455582943,0.989857847389384,0.853831254538344,0.7393699137000634,0.7679069437634061,0.4161492258719184,0.44617011985184063
87,0.978826770688539,0.7699017111869705,0.5404473934629962,0.28082677882010176,0.900720699533621,0.572729975501843,0.11464343521554887,0.0241901936031933
88,0.24082988418885398,0.4337644207646132,0.17136827376948416,0.8165494158100608,0.6693622222179687,0.6154440562514233,0.8867900085027288,0.8249072078497262
89,0.8938634140908644,0.4769070363989484,0.1345224060606175,0.4678571329358855,0.28018133992769156,0.028276844122409273,0.47056166900053364,0.5714537027702608
90,0.21020042977827746,0.8912615440964567,0.8762373221820101,0.9083322087291074,0.6977192644187513,0.5001164394129255,0.8915470666113836,0.649922443904899
91,0.17181889746272072,0.5870640696874424,0.2878775791983963,0.9930710731028467,0.6360977124847483,0.334156637377962,0.8168833839725438,0.5799960990990519
92,0.5240867394936125,0.30455653184714426,0.33836649909409466,0.5363108923140545,0.5733562834738343,0.9934176044602324,0.20350915834649852,0.5079673816664138
93,0.9829303357051308,0.9190011271145608,0.38506091023180555,0.4876197704790056,0.17151134331108275,0.8345248502482051,0.47909090946268196,0.49218416986077973
94,0.9850516026200459,0.0669936551514787,0.8243369621131912,0.8616846268360215,0.4255096793570412,0.7670225419698765,0.841302445329206,0.15367356309435887
95,0.6524755901013259,0.7933134803772187,0.6755762681548758,0.6047363308644936,0.4436007639153944,0.859530194571799,0.586196350285497,0.6643481292347901
96,0.5020842519527949,0.3487422037868868,0.8076345817090798,0.1869042788806038,0.5500622643472138,0.718503796660842,0.4671377310901935,0.2529633752759769
97,0.6997645141668583,0.9432717445323194,0.9729307048039648,0.9887793902263907,0.04589040989192794,0.0035555825115630713,0.736264726846682,0.8794768578277758
98,0.910889437041574,0.08776818499778694,0.3967965632917575,0.22777499841166138,0.8269593799596301,0.25280498328354084,0.892905909150675,0.18106151009614058
99,0.038740817142277395,0.9580727382001151,0.6586197065636556,0.8065226891563844,0.2846885820092594,0.12846216318115122,0.41576514544140053,0.8833097669212439
100,0.7620121440016533,0.7684301587080149,0.24159442673006992,0.08847920428394318,0.30495469066300496,0.863950901489582,0.20941577851815385,0.14520404193030212
101,0.35112576988961186,0.9788645774842437,0.3448580224875162,0.2572222178422163,0.5383537172303621,0.5763586020486291,0.9762145821622479,0.11063899289535184
102,0.2517692306301098,0.6893624379226063,0.12144611033410369,0.5189976055150808,0.2730086780069324,0.9675930079099919,0.245696677734086,0.6546209035158479
103,0.38440537433363364,0.8666537062868365,0.414637395106876,0.20796214956767234,0.06054585182594985,0.06147229165630674,0.4121785075067792,0.7768346552734211
104,0.1497689265562615,0.20868652577892588,0.32419087593242757,0.6376835710612191,0.5890788838882602,0.48719356180919804,0.8893261213175695,0.28397297009696254
105,0.25342660122839844,0.29720713157566814,0.2324938443506912,0.88266332893478,0.2241627389433576,0.7481756634059924,0.4804314353916198,0.9487620847834399
106,0.8150243754663093,0.8375558183567751,0.4084554966207238,0.8612193191704665,0.680102034204145,0.8460079692510762,0.6080657977292698,0.2377973791351835
107,0.9796448789817899,0.3294520176916379,0.4624131583321901,0.3718669899118161,0.5329980016846262,0.3085159759326881,0.7520454164026017,0.1767020573128094
108,0.19225137344252097,0.018969939562963112,0.8391926613049235,0.4465387965802493,0.14401014170712223,0.7335900547254782,0.08213869585857947,0.7574257389230205
109,0.13635564912838505,0.37549203680444865,0.7845598557988808,0.4270342501970422,0.08064537038464092,0.4716353935002987,0.4841593317808517,0.09300623580552136
110,0.8695260347223797,0.5825287221983294,0.12034889905942092,0.5547426821872977,0.16985313823079407,0.35596336500621595,0.8784698654372612,0.53715985002187
111,0.27646918186207026,0.23912620247409344,0.6096399629408359,0.24637647795705764,0.9582338947162413,0.0028927668718241595,0.5166322995476902,0.2364977827300424
112,0.9442595095511592,0.5892804490494594,0.346974596951103,0.06992071719877324,0.21217249829858886,0.2252449027813438,0.4824773291182075,0.6533903556488427
113,0.32184452215898085,0.4451176214367205,0.6565646558697947,0.6961472495393348,0.022477654427953575,0.6894109807125374,0.82666564743593,0.8080227940309547
114,0.4669845300039247,0.7590430860719442,0.7463633951929057,0.3530573675740928,0.7774519525823633,0.5163422067427524,0.14918836474748687,0.10696530791775105
115,0.4649122533920945,0.09194069954252437,0.20407303541781563,0.10124162367045397,0.9257672854373905,0.057498864915648706,0.20626151713078444,0.702164439339912
116,0.8156305166160438,0.755051860118561,0.19675381052721685,0.2625377695749066,0.6502766085923644,0.6495600917160975,0.021414828278395914,0.43801953829828766
117,0.599518433195202,0.5047252757536909,0.9985021376830835,0.9442399584505451,0.8387899073798938,0.4518310081740332,0.7566279554729917,0.42572460791030187
118,0.49497693096779627,0.5914662043328353,0.22552789835116194,0.29286748710917954,0.1543513332040256,0.6498888932790328,0.8922012325973834,0.7754221754122509
119,0.9376969775741724,0.24415273520514147,0.46974226181364986,0.4749270712717316,0.10757446144450955,0.32255904277601377,0.6664073906164689,0.5366730025517651
120,0.44387183716077283,0.5603934978089292,0.32756162739119987,0.05169516535636243,0.518731423030835,0.3644595057996145,0.7892385089818494,0.6789400332407587
121,0.4778097533016774,0.30731907740268916,0.9289436018009037,0.32152741203657687,0.9697899985016044,0.36429757770598614,0.1983977035906649,0.9108242706851183
122,0.4116758159801587,0.9244019467464849,0.6980766170548106,0.8113330152132263,0.19918372246692917,0.209266736464908,0.4247858449250894,0.6139153459069964
123,0.2564065969445225,0.6440558419314378,0.5624522914973645,0.20577425421338458,0.5309834407840289,0.43058389923351725,0.9055961226561942,0.8763148211787906
124,0.01943869118145125,0.048124126575326054,0.8608359315776359,0.651890759231034,0.8864835768614062,0.3100699622866966,0.7665845988077572,0.812086647403843
125,0.4282956533284932,0.2598095981020996,0.20956630680686172,0.12430082866381775,0.033606612269889924,0.8724244672283924,0.16874775526507224,0.9182218127432382
126,0.06415260389825805,0.5947327984394695,0.8605079742093477,0.9703540547758929,0.24946294496936905,0.7536839459312115,0.4899748088660517,0.8080033281117481
127,0.4729798619491443,0.45825827647569806,0.6884336599991835,0.09271681319352465,0.7431981465681857,0.49624201014023306,0.6273283287039689,0.08997991210908962
128,0.9499148153859325,0.2287414349279916,0.876993098939769,0.5456990383171139,0.7745468429915481,0.6518154534470918,0.5188263827458618,0.3109249493637297
129,0.6815565724174065,0.6483363528768636,0.3631290586241468,0.638858727218321,0.763039196518844,0.5594497408333107,0.18019803218264763,0.044938831376315935
130,0.7578424220998503,0.5118603025937134,0.6826029818547669,0.5679718689410913,0.9724484322051202,0.9099902642776858,0.8755457209480176,0.5477021370012678
131,0.5077781724153088,0.6956643949139739,0.8366306771153214,0.38864121696773235,0.07389021596125422,0.06845833173299343,0.33562367532513737,0.134891671539753
132,0.8393880568117404,0.08221057096028295,0.6762574904319805,0.2528306707414517,0.8601693366949947,0.18357838900258017,0.14698221130057487,0.8360779402168271
133,0.05861596772929245,0.5997011816905935,0.6382110710409924,0.9548665990041599,0.22860402994942075,0.8445120897680057,0.7202378488421766,0.08138820904198718
134,0.02165612906568004,0.13602565970681002,0.37509484917677927,0.6829764362368742,0.9438750934572331,0.3073623034053409,0.8522008685336565,0.03449190760917076
135,0.7657288557208048,0.47309200291523834,0.3375305514157124,0.4088331263056616,0.19601101297910073,0.9399954007465943,0.35252968205125024,0.30468681356775706
136,0.6204334541087448,0.7760303795282156,0.8076254813800288,0.6131674881620659,0.5940105635949176,0.26377434313738024,0.7446586155711594,0.5125862024375668
137,0.3514799202649014,0.4143499268917651,0.1355911182981333,0.32145032317167965,0.5640952902953279,0.6518079309083538,0.9157519684426791,0.28701766761705705
138,0.01106825980718329,0.28159077896040896,0.1322895271739617,0.05180190897560055,0.019141656779938288,0.5122973910884087,0.31472976885664883,0.6754851195080981
139,0.0014283561583479099,0.306546011988035,0.1357463126912346,0.4223429675417364,0.859667507242232,0.6841404835638984,0.8102141605556934,0.09224608463788753
140,0.2915260332092652,0.30493379673960763,0.9793285866706015,0.904516094427237,0.01837067090584421,0.396598001899818,0.26197912082538666,0.3067816715081263
141,0.5164529317726546,0.03069843737755873,0.23417315752947576,0.8930351009482599,0.07177444574097103,0.04898742141033385,0.7004641583169299,0.6409080843654787
142,0.9438800997301082,0.643061196240877,0.09557429672421813,0.4265466812651051,0.7504743001126644,0.5536301861888521,0.034744454527110724,0.05149380615041721
143,0.13417153128892234,0.7460673395081195,0.14273483339771453,0.5196430355684687,0.5177175291990246,0.38500712660006875,0.40214395365369215,0.0032121613265641002
144,0.48036833001965096,0.34646769149024814,0.742680760286715,0.6214440282006466,0.9182851132116198,0.8536082019769504,0.08554937551333408,0.7403191134538067
145,0.9511858517084415,0.9881305121328153,0.22451588235676723,0.6653884398598091,0.31778427341769167,0.9298022045575463,0.8427191642288443,0.6627715384835398
146,0.7519967301972443,0.1709577987311066,0.24872139223294043,0.1672872481626274,0.7010076043662758,0.45093207802496615,0.03004707836563214,0.6305169458964897
147,0.9986612781751939,0.6942611544840946,0.22406924741953627,0.8232178426749405,0.08594174538707489,0.6768999561967078,0.22018508228132694,0.7994816068664323
148,0.41496091299032656,0.9931773308597849,0.19793339024959822,0.5668557445938207,0.5954426437347177,0.5096019998526001,0.2997765313209596,0.7447734857804471
149,0.5985393477734883,0.5881853863616595,0.7008637078222004,0.8134104761444307,0.29050180356936217,0.7885039609723911,0.2603433912965105,0.8496397637311484
150,0.7354843566096545,0.05793194636793497,0.36009602956442965,0.8412228968106644,0.4861963432244104,0.8194853042750567,0.995770819086747,0.9692991982629987
151,0.35673334042607385,0.6905255339878864,0.728251227650821,0.8317219821388527,0.7201245241136934,0.9604163836177562,0.007663270152605817,0.8366507737139134
152,0.9366618269949339,0.28216385448449244,0.19337108648198253,0.6511480486943398,0.4099803298171013,0.2636749905092842,0.007941749549647992,0.8909368294240878
153,0.0643059578285754,0.6262955415143718,0.2236840069134297,0.30846243249515193,0.51439466819826,0.585726921504761,0.6675766849410788,0.41462339998828535
154,0.17394543364430282,0.2616001062751273,0.2661354778021726,0.7139645013065865,0.6302915921851173,0.3609571208549426,0.6178264669747421,0.525595756929849
155,0.8817392476557115,0.9773074378069658,0.41752616001724085,0.7487663898438868,0.5405419702241292,0.29569308891023116,0.21839551799694246,0.7384269112641673
156,0.8908224538419667,0.4762303798017061,0.4392446438751261,0.7677764332303009,0.9007351178248113,0.7405515695405903,0.14606297436447546,0.029724897519004867
157,0.8862408863928867,0.9552436132749106,0.4544502632764138,0.26395528203985696,0.4343676209637788,0.763097057296348,0.08314853114791709,0.3383668244172713
158,0.33262399677233967,0.4117796998785245,0.9351256882325418,0.3433723204081184,0.8257311153212679,0.4140702822754264,0.40424718360277,0.4440097441379458
159,0.11517301870081653,0.05733042521962228,0.8751852796921945,0.7104634091206175,0.467899850032641,0.5771565497091693,0.11277241826769135,0.7426417466207502
160,0.04815785923394278,0.7863231162187108,0.32254472649335475,0.11617926246536459,0.7693843591000424,0.8261993621338601,0.2155395345730593,0.3443194585755577
161,0.8917317007825739,0.5303929637378862,0.4978161713916127,0.9298787012792797,0.3337433526404542,0.1406068081581635,0.2250616584247086,0.07708801225191941
162,0.09474038361174209,0.7315203478047376,0.00801848164601593,0.27086050669214334,0.03123804010144371,0.1247693784535614,0.47975258164787693,0.05581381542960406
163,0.853136837260096,0.9178013301494158,0.05232325945916538,0.1262353079098788,0.5354756694113452,0.39687262815143165,0.1292126945033678,0.05414884428123112
164,0.7055578623110135,0.7901889301217038,0.24354943157819398,0.9997512182592106,0.42507044685581163,0.9497946052179438,0.8047645238972444,0.905747726974508
165,0.9604585718760767,0.845390778877405,0.4308581101871294,0.6536648725780371,0.007893686895850682,0.2742544506110567,0.9222893893836636,0.4255065512897894
166,0.18309807258024668,0.08464770059839355,0.3699719062063309,0.15243638707615048,0.405356945430134,0.7415677879669341,0.8115322804158044,0.9599498964109086
167,0.025752304536796444,0.8331307360273134,0.9149981476853422,0.9913912343720572,0.47153918466215017,0.6711280558809095,0.2608880605744891,0.713810524396277
168,0.4730542191267143,0.9339774948242834,0.005428250382553013,0.1230214577532639,0.2758845433390583,0.7853854910760444,0.329427870298448,0.20867449420619977
169,0.9240749768095141,0.24141799111382634,0.5295278371496173,0.21792486131179967,0.4092233158749923,0.1039585887045158,0.05387796675194323,0.12267531675625909
170,0.473231473764556,0.3152991503613275,0.4716843063790257,0.3553053337956633,0.6073533473831028,0.20095190991862422,0.27200522637110347,0.08115667858543907
171,0.9743080820641921,0.7898504148065761,0.6761922354874139,0.9354894750640099,0.7846260861810295,0.29506583764492944,0.37075455035531724,0.05288403797315655
172,0.20122163682605843,0.6409335245035658,0.0165902544283002,0.4372507264624773,0.8282756238882498,0.002331535655425765,0.2813613261151049,0.033930569226088836
173,0.414303631330036,0.6758123912856331,0.5382434041853186,0.034670924960761185,0.7608497370438634,0.8533751772492122,0.1428675011025412,0.33720333167680394
174,0.8688818653121814,0.3992126843045011,0.7294513331485749,0.03442400445816929,0.5138849473774361,0.4955708183041677,0.9119053695060695,0.89894570694099
175,0.3650134655969628,0.4020286367049404,0.18881997730405176,0.45299379569373,0.1258010268944999,0.8476885472447832,0.1205192931136072,0.9693067491449414
176,0.5712071105660455,0.24231421176074497,0.11109472526256992,0.9154724108083406,0.9589490045954211,0.9008241433388734,0.4507195646870704,0.594815854111231
177,0.6751421081011793,0.9810770256613919,0.7103029660168595,0.30906633404776174,0.7613929989506236,0.8924670704179428,0.9721424036512206,0.20512910888502356
178,0.7347916063547305,0.8948623979531408,0.7180760394082185,0.32810030970722437,0.45557884947220917,0.8193457620936334,0.3273587009637706,0.10382472350273997
179,0.7683634572378728,0.08982869136795535,0.37638889215869853,0.3971295899186792,0.896035748769861,0.943582959055893,0.09802611477171264,0.10394075040135564
180,0.2520128888680032,0.7486971179053236,0.8124235686753716,0.2442794224117668,0.948151291972473,0.8137481749354945,0.500216341875581,0.21713487836773848
181,0.1205057022295728,0.5842811076775263,0.4724405350713322,0.8625303085192707,0.7709665034485251,0.7555702927525333,0.856299464492283,0.25579685388756
182,0.15994026671557904,0.20296721923250238,0.2631890508349318,0.12123621824192143,0.3213818323447152,0.5790661930698074,0.8292840180249468,0.2891940665795725
183,0.46280327785289876,0.2830044622176291,0.04301487440505425,0.7326857846684375,0.5639461437576468,0.45611623725720707,0.05318958746180369,0.3383649368425279
184,0.5113553125415237,0.8289426958564537,0.3269556453495258,0.8447759694018734,0.5470075300443343,0.002820700133921772,0.7428542976966039,0.9300733864189511
185,0.6260511404416533,0.911195865102534,0.03526972236206083,0.03656683851146547,0.10343221706898076,0.5417442269310194,0.07679844594295981,0.5362370816210427
186,0.8555956110236741,0.9178218464977611,0.05557103475717928,0.17545555498664422,0.040966920524456274,0.4267927002679127,0.3965851937852699,0.6714223468076362
187,0.4025661822427854,0.5222623641346471,0.45054727350715607,0.790817775003427,0.07969895160389373,0.25432813179166636,0.592876031323682,0.8146582133938999
188,0.05459345769207169,0.2928449189478812,0.3252847539497765,0.7974433301808418,0.7853500075641614,0.4939660358018382,0.40392923383818147,0.8305620606222291
189,0.6990471768206608,0.4664313932257024,0.2875775362605004,0.12214415362919095,0.5724584617653603,0.7570691655880251,0.10334257998024188,0.07200001691571312
190,0.19091218275642208,0.8394713964609983,0.7776934891609694,0.9605432546735181,0.7100564526217172,0.5639260659389022,0.4710005403972428,0.7207843745135436
191,0.7746860748752151,0.9462870853740666,0.3084285243715861,0.3003083178047472,0.005693628997026079,0.8721192702372883,0.5873893598039459,0.8594693480429587
192,0.006298139122203783,0.8635531419239199,0.8364929920330102,0.9108723570935257,0.7817471641858149,0.8624637814426512,0.00966833404880274,0.7412343013187015
193,0.3213471239303305,0.3970978992568457,0.35449660245066117,0.6143431381528173,0.02580171636024453,0.7332822739301956,0.8539544093533875,0.2323280002611523
194,0.6207417225057316,0.5932609514222028,0.04451097757566258,0.2035244030060852,0.10166558178486884,0.9301355981355939,0.6036602477273496,0.6687828270735445
195,0.6010020553607379,0.06187849993766803,0.9260744926139062,0.39046533973322817,0.8087858074597675,0.2297923176138984,0.9369821148888885,0.2960662100219654
196,0.017355893062808936,0.8688110265643655,0.3462360843215948,0.3107476862835693,0.43083756098423676,0.2886916805234454,0.03501259603512674,0.10075687368453179
197,0.31099399821010676,0.03601814024632943,0.21285709509564654,0.644669471042455,0.39088215341123267,0.5612236052465003,0.16969199413838,0.07289810520803097
198,0.9110719398092955,0.06526921316164325,0.7866819099698916,0.06883045986805414,0.34493903501076795,0.770988651488549,0.36929028041337064,0.9687650738044478
199,0.12768984886619383,0.48600723854995653,0.11416708321811475,0.04230324781492312,0.8725324160205994,0.7335463506944273,0.2640783920874502,0.4312979556529458
200,0.9571406835715289,0.42426036469795503,0.4147028390364359,0.7762546010515446,0.2036348171160386,0.41681869766046264,0.3235855905556544,0.46597401133187155
201,0.05352309113733322,0.3920615580881751,0.7729565948201832,0.6114591398166379,0.33660609966854316,0.543827870774029,0.5442518348057832,0.45184840189804043
202,0.7269210614568404,0.15368276912147072,0.749874639933844,0.7721097513424017,0.3473464421772936,0.01041592825105131,7.592264596012477e-05,0.478708750684969
203,0.14767500312829684,0.958319659974598,0.9789506185865402,0.9758439605828308,0.4959643622240145,0.950740701016034,0.18996545492076988,0.20065920765402123
204,0.9926927281711656,0.05835852120995211,0.28199461306716367,0.7164993396925877,0.4308983132693128,0.894358031968895,0.8776730215475538,0.9763244542296285
205,0.0015419992337760702,0.09525092627194065,0.5343262897963894,0.9185305773051743,0.740142601344597,0.0350645149751736,0.722613062977409,0.22621142918681114
206,0.008455820130909064,0.15727367477814036,0.07932219372406113,0.04246652972939979,0.8840098944118294,0.7832704204936144,0.9167043177845079,0.16621949660517465
207,0.484880363255735,0.013394190907232928,0.36431278186693883,0.1768792732715293,0.3764057082601103,0.6102477529233141,0.8729459024225078,0.8005519777679218
208,0.040467255613169106,0.7429174594487997,0.43107508160729746,0.5691921076881858,0.21005075519805272,0.8788966403015902,0.10268921180159563,0.36235054914933085
209,0.2966762215327817,0.9374458804514666,0.7501468881049271,0.4363092457710781,0.5024368130301764,0.4111002983506741,0.2323219974162899,0.6169171037818877
210,0.452789583042816,0.7533553245084559,0.6424129374294087,0.9827570086287152,0.691631002342116,0.6278169366473481,0.6588090664566634,0.9965205041648711
211,0.8638150610654851,0.2561637519634601,0.5245626914896401,0.8695837072693822,0.9144696118394563,0.6018807914650658,0.6116555895211756,0.7182280379209178
212,0.14871184849939822,0.5024360598972095,0.11749539707500645,0.6079458450372716,0.531955767949944,0.4917711138051737,0.3741692693133569,0.47240344645900845
213,0.3554266523063271,0.3416183877392408,0.28022217519037196,0.14596483644154545,0.1610563133158659,0.1498903995170907,0.10922406120182171,0.18693514793922072
214,0.531437389639001,0.8543930572669581,0.8924239285404363,0.7767005824188911,0.8859088581827046,0.7636403995695548,0.8637873051797782,0.8743796652861862
215,0.09049084263390861,0.4027995782088887,0.17353216897901003,0.5315144272543398,0.12186682543535043,0.31995208079020043,0.1586536973242858,0.06650535768911614
216,0.6453637381676798,0.08965893828858706,0.4716404356718057,0.5258887316946705,0.9329281625330075,0.7328299671517167,0.8498650696530187,0.16961987164738557
217,0.5274982241047277,0.04606209185586341,0.8872581995713266,0.13961004139962796,0.2751833653935264,0.946820849727249,0.06630375602186289,0.2835934919642996
218,0.46593707942075324,0.5829408125696292,0.7523982610466655,0.7946260747483279,0.45632915682889497,0.7223009059921545,0.9178198456195727,0.2604622489635481
219,0.3453239726198932,0.21566888065393042,0.749902728221802,0.26851035321235484,0.5082598640253715,0.795901375344062,0.5380142667035372,0.7173426861905886
220,0.2027583958542789,0.6551634884121719,0.4630298318391505,0.6157743263331159,0.4038856496236439,0.7754968711428489,0.27862045317649065,0.31271555133514817
221,0.9060052440708821,0.016334688553082732,0.847168096416704,0.23276212087719939,0.9092659684690378,0.17620764154171809,0.9722614644387105,0.10343043130999596
222,0.04681088953926471,0.5785798436152427,0.24506696942162087,0.8868074894008555,0.047986870236289,0.4667765002224019,0.199337334866312,0.18093688381318485
223,0.06284558177497557,0.8759883529655518,0.2102562054925744,0.9067040367584522,0.02425223519188069,0.4725165296795806,0.30395610034613485,0.8625297233934794
224,0.28577518054655116,0.6242262713867631,0.46095494785178537,0.8378910478911119,0.300183183091267,0.19713819500454688,0.7120726131819016,0.4778906390742591
225,0.2386851013946456,0.24084088836094608,0.06006595195885811,0.2584728769508037,0.660293898799072,0.6303748052081541,0.01720112253545436,0.5899667392127216
226,0.63979324864716,0.6040217574321438,0.9944201426238933,0.05837364509581788,0.018370363869671058,0.22824097213843886,0.9150189076565475,0.4403038132604822
227,0.621220331365104,0.25196674285360887,0.9573563395925433,0.04809304694878813,0.3696771662453284,0.5443009403764643,0.9788495156010361,0.2678914185400946
228,0.5958521889071396,0.5353508189727774,0.42930639695938455,0.630808609224326,0.0918806681588098,0.7298731169611911,0.5388512055347052,0.5690574363780019
229,0.6173517873479554,0.412420996793027,0.8094752380078402,0.11788065996710662,0.8233138888305633,0.10932325926895425,0.531840554960192,0.3087397442668982
230,0.4104731642990269,0.2606519381445077,0.04602265573949227,0.20293846495317935,0.43934313161265737,0.3203500696199162,0.03195665650584112,0.005712802483359258
231,0.6980636139325936,0.45796060386190196,0.6357231704585067,0.2382471761186884,0.33343588218195586,0.12982059866581552,0.3697117465053563,0.727212216181525
232,0.23035147250087362,0.9353165957604068,0.5321249878047206,0.05465859762340963,0.15706115384363994,0.4010155787523306,0.4049855499711078,0.6997966381167883
233,0.4734708504259225,0.5337945474937491,0.06681548161766993,0.5950704077522798,0.8220256202372805,0.13435059425544027,0.8641995629668383,0.821762186848856
234,0.21280641784731813,0.043637639430630815,0.0740668126037044,0.6526794258754925,0.44693655779202024,0.8692562255292837,0.545177089577392,0.8382955594814664
235,0.982861092171413,0.3863905787496881,0.28116899025528863,0.3514783848670445,0.5674462530570924,0.9113193991267223,0.7360432814313932,0.11239488904587902
236,0.7218880892145997,0.718160859929396,0.8738004213505309,0.5632123727426084,0.33560231100463866,0.8076458939960871,0.7195355511959871,0.18904519130272912
237,0.38564928273002497,0.36467120951662,0.28804284616206766,0.2551365717482009,0.4571179139969874,0.9684114916194697,0.47414966715390416,0.7083303458452972
238,0.22700518535071645,0.2793336217958683,0.4805233229527216,0.3335464220272677,0.3018514982401571,0.8156522920708706,0.9212793743124628,0.31667990497690723
239,0.12011721180887325,0.47740051050677434,0.2891254743133065,0.3250167313643857,0.8844743875496622,0.30580742595329136,0.5001185192963167,0.047678935694396185
240,0.04789409931710742,0.41149266918462146,0.3043397365705842,0.05923376838730898,0.4016181193546844,0.002380243044733832,0.1395508923556873,0.15924418924037187
241,0.7288188916361276,0.6792818685818263,0.11757715340275188,0.38929765153006246,0.31183433025736507,0.22193487357971697,0.5633952312665567,0.2895914912215749
242,0.8707831961253957,0.4631778278998211,0.8802252103391107,0.5827348741104167,0.6656949935451544,0.8163634303533632,0.5904433471559085,0.3357031641077196
243,0.16473290860211964,0.8751298784733976,0.3604974101299864,0.24898046401242369,0.8846219021529534,0.9924414986945383,0.6025836438013149,0.7689659236231072
244,0.10134837265299024,0.8641925209873953,0.2522424196220002,0.9069827035090641,0.8766862891153657,0.5219754327791838,0.4407466467986316,0.41142536185405465
245,0.5714513545193661,0.7902647004803702,0.356739323146292,0.160790764590384,0.7037584917336868,0.28089602455175455,0.03947048825827393,0.4129746439670423
246,0.9519290325780284,0.7424293184723345,0.5036607486993931,0.36701118139681066,0.3871829143069131,0.9731704740268486,0.6281546314463005,0.6136186115412189
247,0.3040295294007064,0.5609801583256203,0.6206771647989018,0.5928993024105599,0.8221273868258667,0.2700940289975914,0.8852464588448542,0.8961964524889847
248,0.5838050088529512,0.8958482026023686,0.44692047192772,0.6329950202400856,0.2284448251118404,0.3654945972850602,0.6909105258487968,0.8735495613553451
249,0.2511429315083975,0.38187816323954493,0.2922349328228382,0.7328528372728187,0.12186061813682092,0.6675897259816546,0.3769788812761664,0.4429975463346818
250,0.4667378310218607,0.18977438534210878,0.9460894676601317,0.9548228812845811,0.7732543411893724,0.41841464999282374,0.47995819727037947,0.2826909768773639
251,0.4066298978291798,0.5632235099150241,0.3021196776496604,0.46078731278542884,0.7779791369482952,0.22651545629322323,0.3125343391713765,0.17249120092661485
252,0.747112920249374,0.3132449822918919,0.5494753941017455,0.46719314768428766,0.255105716381436,0.4061434937606613,0.802373033857729,0.9659047597068258
253,0.8775570896081022,0.7402591393922852,0.009099945063195447,0.6355294372443049,0.9617479616923569,0.04398297633840309,0.5621521456187857,0.3496373676164579
254,0.9355606280091027,0.6732949092804363,0.7915699968159466,0.3438934400018113,0.7734526414961554,0.7186175111021436,0.934063160937507,0.701389681122285
255,0.03795565060101602,0.9082359282788125,0.6322450393381042,0.025696973964458913,0.7321660515373738,0.2517034917559956,0.18593742923268386,0.09092154291674936
256,0.7015521785180778,0.19624304321896502,0.6045362811300692,0.13433216430543082,0.633742863005158,0.37071898696062977,0.39499403994986093,0.4862774878134204
257,0.8252483306128552,0.13652089569139148,0.8959148066781408,0.0016176935937344261,0.10453035127029331,0.4788115279686508,0.6567975977320607,0.5822569712184622
258,0.5145740475780672,0.06782001864493015,0.47739104844932345,0.25035215349056184,0.5018732330180057,0.343543075093799,0.7230180456595181,0.16408676901145636
259,0.43960106228377616,0.4546909400673018,0.021809400026645553,0.9982012071324954,0.20208295233426465,0.8348771575878637,0.7230848248197164,0.04277992285196264
260,0.22456874032407936,0.19709002240706452,0.7724018013451449,0.8071092101246935,0.35678726202439714,0.3809564478884496,0.4521507618928293,0.41466453140032833
261,0.49003024429838804,0.30987384540861085,0.8741701386590739,0.11014682247291308,0.6886341531696678,0.20397119757029603,0.14811957854761948,0.2945934823541727
262,0.7745868351220506,0.27408604984422236,0.7561624653377529,0.7272251418157254,0.3842004082011754,0.5040250533072906,0.11266477912708761,0.8421625804423343
263,0.20313213953566367,0.7085260046615252,0.612476964128622,0.27597992283178063,0.9193523793050051,0.8559695931948944,0.8010664795421593,0.31094780557425805
264,0.584593171114034,0.10657981541477723,0.07392143105860038,0.6449183285491326,0.12143767032959574,0.4693474545637214,0.3236976267995624,0.5082179680814846
265,0.7212648820927038,0.6902346576934831,0.5870355545354569,0.7152373847639301,0.5029604354098218,0.42962800080072916,0.20248756796414025,0.7154234817872177
266,0.8635356288177717,0.8072671353387256,0.24727254267726795,0.9541025491246187,0.3410922947303565,0.7769904955032235,0.25931030813093947,0.7840951961248609
267,0.2373535086512596,0.018629813038327114,0.493710610841822,0.9689834273769742,0.26869906695114154,0.6630919951441415,0.6443651561276217,0.09011839065989424
268,0.9692452380076885,0.8461295778582464,0.017824876162389813,0.5385009106246604,0.8046782452464328,0.009444288847011317,0.015772702054767773,0.5711728456396257
269,0.3090027236267908,0.335426710849714,0.4312051527051324,0.49685150043337045,0.7572654695735476,0.0500802408311819,0.1590127788939958,0.7400329021394799
270,0.0798230719328874,0.630255427580703,0.6416586431440336,0.156344456999709,0.862993984360139,0.9341552823936423,0.7537950867244722,0.4318463254414101
271,0.23610850141659323,0.06300589954964342,0.1337059420480763,0.48553637328224586,0.8812763690320705,0.3462283469970533,0.17195615701656597,0.5887101018915215
272,0.9043542741899563,0.7611077098809763,0.5385459597590755,0.8036155578345139,0.9809745596217533,0.6017086529345205,0.5590833986072649,0.8203126844020162
273,0.08958191688083161,0.37946724594012515,0.23849211651017255,0.9644702056761798,0.9648965281749968,0.7842159842415725,0.9657173897504592,0.2831563473635479
274,0.7439905919348515,0.8738743036724087,0.8867799640704903,0.4606388239734259,0.7171003844017936,0.45424897945361475,0.36799851192604693,0.08586018762721159
275,0.9688486459303024,0.12406509145140077,0.29856107898592044,0.9641861186970696,0.47152370982731084,0.9094469218548086,0.8966895626094921,0.9852009623761266
276,0.1682570955586178,0.46169668257820085,0.1614289905613473,0.531834180622824,0.07891526201012167,0.8130133991149371,0.14101643318092583,0.11769155761833139
277,0.5688100307122894,0.14882584766687224,0.8628029709518804,0.07383692610486592,0.9506434697575314,0.3091937720649277,0.6768892743432678,0.16514642046252948
278,0.4310918494331103,0.5522880256507027,0.4348472767407756,0.3813659701185784,0.5822644408937057,0.04546201943397454,0.30783835551658933,0.289099065372338
279,0.4046423210986573,0.9995022023944756,0.25492226032158405,0.2701091124106296,0.998998999053205,0.0030276354177999343,0.6825219776599399,0.4831027660957552
280,0.2742404052689843,0.37125341445861815,0.5314314141690644,0.7551725143930034,0.23835642737218976,0.4962424352119048,0.37189171721598036,0.540630259001915
281,0.7351287800400497,0.13184146558260934,0.3058667726989447,0.7800626078381698,0.6806324363939856,0.6416299501308799,0.742467794481105,0.18294407027433646
282,0.8663735673049319,0.8991945532624044,0.6835645691871433,0.39122855525234923,0.8236148613152061,0.3755640772620139,0.529434798871236,0.933970216654098
283,0.6617598832379984,0.7220784464373953,0.8363100403933509,0.3361831726722727,0.0746908466413827,0.5186746377203053,0.7721079147719785,0.7232550101222717
284,0.6002175922950596,0.4400995990877439,0.3878590757446071,0.5138045172115979,0.9815187947794463,0.15450465405201952,0.5421775337872234,0.8537774139337555
285,0.996237779256887,0.12578081053471535,0.8482125543231428,0.279652664205739,0.5726009632164009,0.9055322848051441,0.5094581800546665,0.15086488571317946
286,0.810290988025864,0.21361445890998398,0.6250861691077281,0.7564007778281099,0.10779172473700371,0.6501022879523768,0.7069722560974068,0.7708503591268987
287,0.4340280490448194,0.3657026320628156,0.7066057701423383,0.6432865824644451,0.8348791445859904,0.533992041528902,0.7877432631696384,0.7884078397164936
288,0.2458204070476614,0.3618604405019188,0.7132056946161093,0.4068053700765125,0.9024422130570935,0.3112808730198907,0.012133421706725489,0.19391415694314507
289,0.10350609609563077,0.79423833312474,0.9184929486875492,0.6399269373476125,0.785502320428288,0.8639492730738466,0.9177214239032147,0.2703723310494751
290,0.4289444522925415,0.9780251318012525,0.6492245045410063,0.5875065124138384,0.8938880489322582,0.8082233438012585,0.8341856169134599,0.12735955463969517
291,0.9636132191932757,0.6939246528493913,0.1955068666081683,0.1070069118155359,0.047406703865658595,0.3196867315433982,0.6699996418972374,0.694925520307459
292,0.30762111780132506,0.06290415092081891,0.38724856517986683,0.21532322079012134,0.3691730725560636,0.940185440504606,0.5943419669344207,0.007908759817526367
293,0.9280724051987655,0.399046365829428,0.9708727048036697,0.04005820682523764,0.3250430352535135,0.6865349745631738,0.6183144422580767,0.4892631712927238
294,0.6679583024229498,0.3292647628138178,0.3829146988153579,0.562210065303584,0.653434001104117,0.09028953407046014,0.3171940605599748,0.053318353149252595
295,0.5132742347139382,0.5725749555348965,0.6492600888703736,0.3212120775463323,0.8324619904458075,0.8530654826095933,0.9003523799416445,0.9111887487238954
296,0.7990359576059562,0.13915826999796044,0.10460046499410625,0.09245967612587569,0.7660426506349858,0.8078621592403605,0.7716000119154177,0.374787675893935
297,0.8520978813763151,0.25820653697573803,0.49271517164962775,0.9054212165395472,0.5085854919673956,0.5296187084688408,0.00532554574800348,0.9695601049298415
298,0.1700920220084926,0.5019516367430724,0.7018663840137498,0.29351515137433937,0.4825359789235484,0.192064474077962,0.5251633910279908,0.8380520013284403
299,0.22282504549795412,0.6809025631202364,0.49883536999839495,0.32810575879891757,0.7723381837539145,0.586550379512249,0.930888549851232,0.6041479234458732
300,0.9563052768190071,0.429164322800623,0.37911826728204734,0.03754555645991675,0.6397636754872719,0.13017259159741468,0.6689840995214554,0.18218932856984504
301,0.8465794730041918,0.7914332227875419,0.08586517484064726,0.007332486808323768,0.34258135282413726,0.3110443707257239,0.5315281338932261,0.5778750455653396
302,0.6360433100986751,0.8681185258200274,0.2550297354329206,0.20136488697249977,0.6444983116966847,0.24714639954276452,0.6729028377022122,0.5355169069099395
303,0.3010005470618887,0.47456647777213157,0.2188746637044795,0.6117926008792688,0.8538024508435896,0.36290229984090305,0.6206386504284755,0.8448444883964067
304,0.7385956636449907,0.6773792496513834,0.6369303576149911,0.5069345625565986,0.9000998819073147,0.7949253317835063,0.46450051253273683,0.17356920929504638
305,0.14601510282773855,0.32002508861735235,0.495349165959471,0.17483502829923603,0.3497195275058098,0.33273562995527595,0.16990705071989753,0.6162488993777159
306,0.851090344330116,0.016302392309201275,0.359683366668174,0.87611984725044,0.15803492702356636,0.1348795712952715,0.7749435168299258,0.23227834773150302
307,0.26095841881367066,0.8540532922962899,0.7567804588421203,0.5203427568806284,0.49006904323654865,0.8198547920125908,0.9373101654966848,0.3812327591451202
308,0.6989649731584991,0.5990527261480888,0.41876206189034115,0.5389878662232065,0.09635831680666018,0.8027676979096121,0.4051640140435846,0.5589981686119104
309,0.5093604866131066,0.17139251220443075,0.7440315868274937,0.5442688673156059,0.48248546850234464,0.54697643591321,0.16451576462907125,0.8235534307590762
310,0.2035650268295146,0.8489082034678082,0.5772035531637796,0.742091708050088,0.9368628235706572,0.25534386314985924,0.3939347724279624,0.6530636087891323
311,0.09665090115847741,0.28172049488040474,0.6480079718420488,0.2935278834352266,0.9063381623937479,0.10599702652384269,0.7392719418924696,0.010473503605167966
312,0.6176713710127443,0.39609881630973764,0.13439119011783285,0.16881382319230398,0.44198054967816947,0.09240111507668203,0.1921377649683763,0.024117532021212473
313,0.08182715416508923,0.8560307098945624,0.14227058870056408,0.9530053470356008,0.08806982660890683,0.37487511719885114,0.08737824025661378,0.8354540847364258
314,0.05553167245346713,0.6049695384449082,0.4194473234532965,0.4063850578815503,0.42918141338496785,0.5111797496949423,0.48408950172095133,0.029751468722741925
315,0.7018474979293754,0.12211707098633284,0.12171030760165147,0.44227669126279956,0.7625729218298266,0.8634639516764864,0.8644355134217342,0.3582624222489038
316,0.9045063817911937,0.3044947237930159,0.8549212381002143,0.9489974655060739,0.5518530034462056,0.12480009572839756,0.7538244746059544,0.3942648908949413
317,0.2572394589858511,0.938278652317849,0.03758377321980577,0.814826175128274,0.9755844503594153,0.2724421466023509,0.3526508927482709,0.13246012718042965
318,0.45139715010209636,0.8584520162890605,0.07314576442729204,0.704783771633272,0.9789987348265201,0.2909546442699934,0.10464727704211674,0.905493436650712
319,0.6436797059863322,0.6726997830247341,0.8244256300085254,0.732284707758077,0.12527612198396498,0.19310556971606396,0.2611270995328686,0.8217631221827021
320,0.5369791457648672,0.8504610031260342,0.3405052927968445,0.9729096684550486,0.11595021622735635,0.969986971777949,0.5101084965362194,0.042774240563901444
321,0.9152199463987327,0.9422514322821397,0.16359719975864306,0.8062571905153069,0.38750469034538615,0.6754063426389237,0.8147715301140632,0.11057643948129336
322,0.4612210417896615,0.1651207767063363,0.08760851770927269,0.7287251011345637,0.9010059746120013,0.04840126900209152,0.25149246743081555,0.22985027565389038
323,0.9094189375191882,0.053275770394559885,0.8655869932086147,0.9327064421641615,0.6100983180502764,0.9258934964151095,0.5293031777387245,0.9164256972056026
324,0.5507400126495683,0.48261501902337234,0.9127798661628848,0.06496621943488345,0.9010161098015781,0.4696222452941541,0.13109414853637003,0.030664432434278854
325,0.21397356070993756,0.9973219538704376,0.8872856914023489,0.6662439525349209,0.0843800558945238,0.15485214255004143,0.9264867680654834,0.4215903609780921
326,0.21689469226161562,0.9276923756942091,0.7818482015285824,0.345960645506587,0.5920625242768901,0.35645718903552615,0.2350804529166851,0.5272175654740228
327,0.8727857000601983,0.6361371018218493,0.8595557378896819,0.8454055189114424,0.4964844779344334,0.14935038141113866,0.5172702788799403,0.3518870884665638
328,0.4362618213628807,0.8878334934625585,0.3475809836903164,0.04349473491500222,0.5405360292653681,0.1169185067702807,0.09037925369789279,0.1981518813666816
329,0.7659919596370748,0.9040748248311992,0.38645157323068535,0.6437729717599496,0.7615416702735655,0.005799516751583744,0.12546622653708062,0.5442496141378146
330,0.250883815949135,0.2554520612872181,0.8068259462253107,0.1588964460318173,0.565796580409787,0.9649634276431295,0.11200785698031757,0.5423809463773532
331,0.16972125029307783,0.7121938357346264,0.8230857665486108,0.7549206396574133,0.36553479925229104,0.7606016910831402,0.4272452994105307,0.0450874763290966
332,0.32192562780075595,0.5277922816834745,0.8885180162555344,0.7671541141826328,0.3388978159564203,0.5253134680400299,0.3305513605140269,0.6766230856350749
333,0.7559379099572708,0.03880913663244678,0.6208226653314403,0.3421401312840664,0.47731562044138176,0.5791531809851987,0.05078919774055701,0.3577966873349473
334,0.49473604115397585,0.18092309755082747,0.649532528854416,0.5984534619308297,0.6048865690454382,0.547519964529318,0.5853735290953407,0.5534936271004615
335,0.4558140498834736,0.6847358741334251,0.05115659063212363,0.2304039703927817,0.8940959555841516,0.7071074835654584,0.6729297272262811,0.7323272592381369
336,0.35626330897349023,0.15635525899306613,0.8411071421931445,0.18546767844327605,0.19014707115766238,0.8128048293284998,0.5407179755254794,0.13720865792758952
337,0.8494190267091674,0.5460541014957803,0.16211294757394623,0.3067738942088897,0.5897593455749646,0.1573903877250773,0.8320979022257584,0.001612977499639734
338,0.3576941215425071,0.6440868145816937,0.027320043822527063,0.6976773787360302,0.4055518143001309,0.3363452311825871,0.5789131338999932,0.20545574268704858
339,0.7965416896178261,0.9244145661260432,0.5708163320692514,0.1293039163826306,0.9766677297058124,0.7717825932575677,0.474631057560003,0.9815453516013742
340,0.4341085292332131,0.14190290487309942,0.7038589314694862,0.8933536993749062,0.6199555801196226,0.4338929103113659,0.34959500540493504,0.2074083884422563
341,0.6892591740121731,0.4843351769188574,0.9915886869435467,0.2836558916332108,0.23983511982617878,0.6259957684875951,0.18417792979016534,0.6215733234909124
342,0.004931153726466353,0.8077886286275193,0.9379850381361089,0.14024943295138803,0.383700630898655,0.08688001363998454,0.7572446657832571,0.9383179400223286
343,0.12767049204858205,0.5013512211383993,0.01733277202557748,0.6577000367035882,0.5772386331468348,0.7397206553594781,0.8316358428596762,0.08099348172566556
344,0.050862631096219135,0.19436049139297462,0.9647626773055058,0.8552599707357211,0.13872403158261104,0.7525064843294749,0.7001440975973882,0.2435168526207161
345,0.9000836678881137,0.9018633859763094,0.6089737210215307,0.38719452573240476,0.5210971429196726,0.48070177448500717,0.9722376656887537,0.41720644745358815
346,0.8623395067565492,0.47711186675563033,0.972110843678636,0.5980664896736908,0.36621153649049687,0.5721038944302325,0.5070251815971957,0.821942298477284
347,0.7498481372758887,0.6794490032095372,0.38022522724324315,0.9440264587902406,0.20899068567174228,0.804258196729099,0.7413666639557834,0.06379353062775217
348,0.00819420076926125,0.3951721344191197,0.9439171483469024,0.32763848760147407,0.4022792094255485,0.10771161866112522,0.6076636950312013,0.5359489342805375
349,0.10816087197177804,0.97784868580434,0.2552654570069438,0.48530040809950115,0.056722260386507295,0.5614798917829771,0.9718888384223343,0.2953829260744312
350,0.6478855608414712,0.03974379146644946,0.14677146493176474,0.4821781619598987,0.7935844315492276,0.14224386312357307,0.41124801618412477,0.7617405667750591
351,0.011463124010846037,0.5930793366771968,0.8919964889313146,0.6112423535419886,0.8147210267864854,0.5548216031073198,0.2970658579318033,0.1737909844581792
352,0.04837619076474864,0.22622475114026652,0.5390968938026882,0.35906715988060944,0.7706854584918474,0.16165629312059215,0.6384234105515253,0.19901794316609067
353,0.11522737735274335,0.536962355305553,0.6091957443261726,0.896384085680136,0.979557521713338,0.8788562554651038,0.9271844405436434,0.8650955984194183
354,0.6143132312451665,0.26467534729668285,0.87220594378239,0.8090355133038,0.24213303499903027,0.7014007839799837,0.07970805011961524,0.23935176574950578
355,0.15102880446975997,0.292018954473211,0.2743404265399376,0.7013429358690918,0.9802194457631133,0.7381918016510927,0.27790611027851864,0.759542969677937
356,0.6938024543038287,0.24577315661802301,0.34633414148868047,0.7688354845853794,0.35155678599888274,0.09908816671628806,0.5014269650538955,0.7056109579375726
357,0.727396771105713,0.6165856605990699,0.3333694012072511,0.15710271373716878,0.2107625982167879,0.4970856072006098,0.7354047366590106,0.06923931199887223
358,0.1331979136826903,0.5833820482801402,0.6078998537765382,0.23138890570630677,0.3747236489487502,0.22911964954748854,0.9618110281804001,0.4488209552293505
359,0.3128302527116258,0.4648019838268842,0.6127888696986985,0.5017136232328231,0.45120005770350013,0.5782339606098857,0.9643232355870097,0.5934600159216343
360,0.7473550416456148,0.24913782154169473,0.8286150656061307,0.1718168376388639,0.033671592680221574,0.4612405927631411,0.3303597959993855,0.8609608921276396
361,0.5864743743155058,0.773367250727364,0.38057021858427986,0.9817861429914437,0.19224255782114263,0.7945335747358353,0.6460627539816144,0.4025181036256844
362,0.8642765935453104,0.18244475831006035,0.9738813003586073,0.36313578396700696,0.221764512068102,0.5525180360769837,0.18455133482847097,0.9913494414838774
363,0.6420909253338917,0.1603389573326096,0.4906254227370742,0.39439559848659433,0.6575686127181927,0.02066638369953744,0.9423435562779079,0.32001129561906194
364,0.17406464322244752,0.1751459334797013,0.18309736581591252,0.9284881031775936,0.7239692376434771,0.4576147029458657,0.9105212829624922,0.45939167001707837
365,0.9387336959594255,0.8045186447990997,0.21464299544235077,0.6348683845450201,0.05128688562699313,0.6729223684134593,0.7907681834355237,0.6403795267961506
366,0.4917807681320192,0.3560693586052772,0.7418562940922555,0.11279824262696703,0.012904734302542686,0.7630162122983004,0.28686676386715526,0.47522670111439613
367,0.8836529940568436,0.5841627883588199,0.943429619929752,0.059104024490058804,0.8439221802797515,0.2282261588228196,0.6650456546551023,0.17035781918476212
368,0.7293011472966245,0.8494908215276227,0.8867175839007593,0.7338546847406041,0.9796128581101282,0.7427533300853568,0.14860206839971757,0.47905035190297685
369,0.5459892236885396,0.51695725065702,0.9753262922796202,0.9932621379871756,0.29525137930293655,0.01111136437279403,0.7038903266039422,0.587691495467596
370,0.9420819140731814,0.40137346641821303,0.16024179028872942,0.606720169068235,0.03215324717641743,0.0053673489389856055,0.6397099725543955,0.08520101112253442
371,0.4650060029909465,0.27016770489506725,0.5243925230387132,0.06495712624549388,0.13827698994722926,0.3109149843037573,0.2138392492551653,0.5101080506622495
372,0.23286556990289597,0.886134958342447,0.8782673161134835,0.1440588063907593,0.8695366656209391,0.6222814556615839,0.7425622174237158,0.3770638381268323
373,0.2352247787387476,0.2773498926042819,0.4179381362591311,0.05357002010106393,0.8400543120396947,0.6820356588549573,0.5025778945981371,0.04617050668892575
374,0.9753994214241147,0.9708191345687428,0.7486608954181112,0.8106927005636726,0.07319728785407364,0.1354298607448,0.8199912388823755,0.2407998661266576
375,0.5637564391549617,0.5228392838639703,0.3057760651288144,0.9629546881813695,0.4654755329968676,0.03285443362152474,0.2404722844248529,0.04402813259893057
376,0.3604282430021387,0.02199079123677583,0.059634595709219806,0.6412303297731036,0.22380098147721794,0.10232354790096532,0.9410639053012035,0.31243666446283336
377,0.49612481669286435,0.8222999187636687,0.4188900473994347,0.9435066944139339,0.22606969535354948,0.02067467432868675,0.28048929122960564,0.38978975374177427
378,0.1380981260386953,0.002466932821898471,0.325897932225763,0.5980327426031351,0.2701770829453758,0.049590855331635986,0.5407191254148221,0.031020961735592545
379,0.967921749249136,0.5793714454851061,0.24163435391922572,0.5704734191650545,0.5407317072682328,0.7336334761638753,0.5132312141709156,0.7365797653795079
380,0.5257533195773249,0.9613731627125593,0.07363710595658168,0.3336885159382661,0.2530161401105071,0.3461787282229559,0.4693520785095434,0.42456541418825555
381,0.3838540076287069,0.6862021390160611,0.7325664352111597,0.49639474733402256,0.9237789495315395,0.18484312174740514,0.5561685201737657,0.874480598155709
382,0.9792609849158277,0.38356379889131653,0.7976635463926283,0.753475456070569,0.9567751039250847,0.8877950075160929,0.01249789866610651,0.6245783004230193
383,0.12202048486736494,0.19958717983699614,0.993624039767171,0.022671369459878687,0.8019825576246771,0.7711920892830829,0.8107935478964183,0.09526246454691778
384,0.851931866931971,0.6437209974433379,0.6940835137687488,0.4808017260100056,0.337476805895222,0.5012749712229725,0.02561417317711867,0.12188214141459164
385,0.608309526841404,0.6720161869193408,0.693552274263993,0.501758160763636,0.9696937566504507,0.8040387297854497,0.7650263184986257,0.08744881336966237
386,0.18459927404979626,0.49256706478777623,0.2900908658001613,0.002230633389214587,0.5343405235301998,0.23647359448265082,0.5251357245412173,0.20302897272160603
387,0.32828220576708966,0.336000988416715,0.8267455785018961,0.36960148025090955,0.28760797081370826,0.13027764664790653,0.002798901186285896,0.8469103110646728
388,0.9631218554563655,0.39093386049783274,0.5562938222734629,0.48108836145267364,0.6705403152648033,0.9977252044008285,0.5653469211046205,0.9236615011854814
389,0.5859033736622298,0.2381291582085756,0.8964783152193125,0.037142580207248366,0.8357436401175006,0.9263540002748903,0.3829147655997641,0.6532302170915604
390,0.5685461695770913,0.4103996656616292,0.48347764505781476,0.7288948464291456,0.5988800697240502,0.5532443484450045,0.22796280789788081,0.7290388987079811
391,0.6382046019733072,0.920160175693763,0.005573147477829887,0.6935993266208812,0.998667441304485,0.5355730239364007,0.5022772593490691,0.5990059219760274
392,0.8622523699200616,0.8558921949119878,0.4756915684515627,0.3903420042235243,0.02269955834541837,0.6291511517803997,0.993973411678936,0.9888782146398035
393,0.3596992263877319,0.03591302086861692,0.7977268962240678,0.3207375463000707,0.9349722328545522,0.012106620770559129,0.5670470848344646,0.6042544586769616
394,0.781764187536527,0.9335942738130204,0.2413158301434002,0.46558178033574227,0.31428452709558385,0.014596470178815268,0.9469114512343547,0.8332379100691403
395,0.6077467361761832,0.08987231147252717,0.17726881575568743,0.8061089737175804,0.893197405659957,0.9853381577574734,0.6924697819485283,0.2768834507465646
396,0.4963181877011562,0.7482504291512591,0.052923691110001614,0.11722123886488356,0.8785011636435699,0.7843278574885933,0.57957350125839,0.3301779380075648
397,0.2534363514818879,0.36358201650118216,0.8588587915897444,0.32637914703138604,0.21963773702492895,0.010571816251521482,0.6384733776597162,0.4633804429933157
398,0.3158621005910044,0.43839323323835233,0.39990995766895465,0.3926894861671636,0.9995311810146115,0.03731207351952548,0.36077436184445133,0.3121569144529176
399,0.3829886955851467,0.7354235398770534,0.8044810502136254,0.7858611944911471,0.4756429754311484,0.9477117945077541,0.9502687800549182,0.7678812134390076
400,0.5712534689623308,0.9704202890585147,0.10329426892142479,0.03428703679718337,0.439264014730978,0.008121148093553354,0.8732031841418334,0.3066744857788797
401,0.21268746434188424,0.7121356449512944,0.7456944322605242,0.10781336213333581,0.9031258414267316,0.626049559478704,0.14252393973089628,0.1306150381719905
402,0.7251477760646216,0.04891859353275374,0.5613253925544094,0.017834282978769656,0.8626002384929877,0.16788103520704534,0.9766950723421733,0.6538485690620098
403,0.8259871454535903,0.009255328927249562,0.7820097533514856,0.7353693219567673,0.024973245540928946,0.21194501577765423,0.8081455759265521,0.40370521571235174
404,0.24212559840743875,0.579058395757152,0.0077633310725677696,0.10456654257295472,0.9659915278891311,0.41191441982882926,0.7278143144788984,0.5805487012741196
405,0.7862456902930777,0.13350082400116825,0.7382501155206176,0.14747530440744605,0.1971344692492185,0.8239084944420676,0.31793229114658084,0.1608018853875407
406,0.7228329809357196,0.9945498122891537,0.10381443913855048,0.4638372521348624,0.8587615828607289,0.5439185178375391,0.725703236294198,0.44339789802285945
407,0.05834848567127138,0.6255926606068152,0.15295694501944002,0.7564883514482843,0.36681832050809615,0.8732070754751432,0.6767233893893476,0.04349400540383963
408,0.8492506286355799,0.04784967797373141,0.02090861877584349,0.19858882408357947,0.10720526241539963,0.3967494113724638,0.3922846939904939,0.36233665319961006
409,0.6429689578733413,0.24338575358583892,0.009346829293193637,0.23515186378363973,0.34915800665707775,0.7420318794970213,0.43821806074537617,0.06565147624763912
410,0.2322943022441002,0.7982470008630058,0.2009208314613733,0.45032490945376435,0.0953763200324308,0.8853130736921031,0.7504849056295432,0.7124204585067875
411,0.8422856951822413,0.015549142394650883,0.15933149644319278,0.3693031661470504,0.6802984673462585,0.21243626845752905,0.34514089340486476,0.0417530589094991
412,0.5668208083170803,0.7275517189095438,0.29114537827091913,0.1989693976800011,0.7671995490937327,0.36848474726518565,0.05750216543738107,0.8812120935694464
413,0.9089531547948283,0.28899183147773844,0.6395977828790221,0.5291997083026891,0.6722211630099303,0.8393159780263406,0.5565537612360942,0.9792602339887744
414,0.20493565073802866,0.812143907829636,0.06074745641579793,0.961151849926993,0.2404914864032267,0.41126214270610184,0.5556390823781832,0.49226518934869024
415,0.17529704521063705,0.48146390641875925,0.7537228319005833,0.6677344112112094,0.4269223423853499,0.054557549080263223,0.7116582605284753,0.40834176555204316
416,0.6571235511899518,0.7792435201179514,0.7489426065980463,0.6976037546261499,0.2886548940595848,0.8964729051016906,0.9401787509637888,0.08485676923333052
417,0.9232160514890655,0.5582208926901959,0.12013107134840073,0.600862730214064,0.31750780947172064,0.21399217103742174,0.02607489616304559,0.4349035756047276
418,0.20079474626832394,0.5533121553391942,0.6933615450689999,0.937628725457296,0.948264637659717,0.4357820854407406,0.23005839615587997,0.6415474994871717
419,0.012441310590559973,0.36343661457930587,0.9544865822746325,0.5967193249871422,0.3301413517939482,0.11834596875647252,0.688036645590554,0.11047887258899092
420,0.02268214078697528,0.9265379143179651,0.30971243834142426,0.33330849275802976,0.27609411589019117,0.0745931725039728,0.12579105137344493,0.42830250097920475
421,0.3895276918659877,0.1867717077442298,0.6304590238127048,0.21631630494742005,0.5327705360466967,0.4319988900509645,0.29561518305906587,0.5546050786197853
422,0.26767074601515595,0.7261904708628578,0.07977709668585109,0.7116199411304407,0.1765123011965094,0.6514144070471823,0.34861032403648495,0.8420396930572642
423,0.2643225486190304,0.4615479167059383,0.4693244695456028,0.010373728185957942,0.40414579457771915,0.940653746533065,0.4482168564123812,0.4965660715325858
424,0.36426153353890023,0.03861392744284742,0.3776165060087415,0.5207757178628888,0.6902966131739001,0.24138523959543468,0.566333724100956,0.30040855594475535
425,0.732748032536726,0.45325252754026235,0.08190872743609201,0.8358393852178492,0.6330291241471255,0.6883306243229693,0.1914962229771885,0.9299812527705029
426,0.9399700612501171,0.27543176664328195,0.4300158271439475,0.8095378610575337,0.5710541466602613,0.9025873738527141,0.3755627866251007,0.6517568763817687
427,0.6387583203886616,0.8700989417355316,0.17138192073381286,0.33155899445005566,0.35423280160546955,0.2123298010601935,0.6710805573182301,0.9528271633795085
428,0.05180225405999073,0.7566366532109619,0.5743179800546067,0.11092445210121438,0.9133334031127877,0.07999429941027203,0.7044778055851407,0.816684713340947
429,0.8556987672347436,0.1834316528551222,0.9991243118517177,0.050301463198012875,0.12856300851242253,0.45054763025671496,0.5372846128473097,0.015979343579339722
430,0.10305898235687683,0.5204628108815582,0.48821384904271947,0.49320702689635676,0.9885344425427447,0.8880176821025026,0.6083756859865453,0.5275687240453442
431,0.702281711584521,0.5100621269404684,0.7079251309741262,0.5959840734015011,0.8583501700988787,0.4921952947015794,0.13952581033967204,0.9344246333956291
432,0.2815494942950837,0.5076183688303103,0.4743538237422139,0.4037733791872189,0.021179658329364526,0.9732521422614403,0.8398805552663976,0.17977338496596207
433,0.5604617929766524,0.3617246836224566,0.9857113041917481,0.262235863266686,0.657778873858325,0.6963130680192077,0.4076726402923003,0.562275838550851
434,0.8634847170324409,0.7465202673043938,0.8551278102953236,0.1414835552714978,0.48428153890642567,0.42899289246741623,0.6431657871327683,0.6099349501205733
435,0.7299537972445107,0.6502891307381519,0.7862097349490115,0.504027305808886,0.7207275220597388,0.5622447831870085,0.06854881374018795,0.5035308168954576
436,0.2602003515525245,0.24930309463587996,0.052561855756149245,0.3894222190965728,0.9528981875644783,0.33948231195231593,0.6693982681342682,0.5594297245260419
437,0.9314566931384195,0.19926037092549131,0.04125304883063374,0.7264510160470524,0.3300029079048754,0.9887888759085406,0.9960399662161783,0.34760779768699923
438,0.03009013537546712,0.6786071852083524,0.5754800512066849,0.1335151015612961,0.6878135110014938,0.36265270562227614,0.6033477673339812,0.6898994179518934
439,0.4487767082941039,0.6349767603115951,0.458897733927467,0.14584910544993135,0.9179958663375373,0.10964924089026595,0.4424780334241937,0.6817683096468607
440,0.3265809049514533,0.7339179830855292,0.09603685033988318,0.8828437539090375,0.03678569032075607,0.3035582971116225,0.030740932553270817,0.16803466367156494
441,0.41817688843305656,0.9170438460414528,0.6742631207875195,0.853713412057747,0.944911167982447,0.031620639863533806,0.6163315498951083,0.7985040581076986
442,0.36652872056356467,0.49145477932655035,0.6588111562272579,0.5826041286212835,0.691500269251562,0.47066653181080764,0.839702156940126,0.1134855962408503
443,0.8315120618132579,0.5727192800062458,0.3534809619238153,0.29261101602430284,0.26780480189340794,0.18422153000927932,0.7471515768494493,0.11809953763539571
444,0.10837484508867135,0.6247083904472449,0.4050614698540701,0.39666707299675263,0.09027419278892257,0.10780478530279547,0.6634744977339618,0.43504443879658106
445,0.6409503887626887,0.624148011085229,0.7242707009719873,0.7169065780802107,0.49198805942368207,0.012278628586776308,0.24326291876638073,0.7171636800660678
446,0.371950794093152,0.014902279530785045,0.8192600615359639,0.8545918762880632,0.9435135995319572,0.38806433016983155,0.7399815875419584,0.5010763196678292
447,0.8742267031900826,0.029887391802932317,0.7682751510025078,0.870930508385419,0.5921030202915697,0.9173302472678792,0.07938157309808624,0.584393604155503
448,0.32486185894551034,0.3683803928314058,0.09260238207494864,0.8465366055246303,0.3440668584190073,0.7027687719726361,0.9337942495400159,0.7998772092533938
449,0.5008363885860764,0.9913154462103277,0.9766355716556366,0.15546192828513083,0.6699164685983166,0.8270615202335523,0.3739244338730806,0.9980269955382884
450,0.4224106903028124,0.33952910274589243,0.18280770468716034,0.0364482146908528,0.12594701006251297,0.09386717218275742,0.8294165047270028,0.698317384646803
451,0.7307321298156321,0.25777016578881196,0.8689820018345764,0.9614901230452634,0.6246572326969794,0.4809765354098833,0.4316399563614759,0.035548298509353926
452,0.06715303286403984,0.9477766215023392,0.7191802447843981,0.3305383318532964,0.19638415361913097,0.36502252244054234,0.017221656791049922,0.2802008113534049
453,0.4816530756522458,0.9692761701243731,0.186802181572568,0.27859653648592986,0.611690346656113,0.495022228731788,0.653130925992797,0.700338735875746
454,0.9171735165552342,0.49061135887280904,0.8823156141469927,0.8668288629224833,0.2515963482450797,0.002336592751487454,0.6471959313692364,0.7440378093790074
455,0.6304269231988546,0.3837229364770556,0.010414481360239147,0.2792762036513702,0.3661767792446632,0.4182229826326218,0.9323101961081566,0.4329162973110582
456,0.05281522813418016,0.7690223415783057,0.1329111582341891,0.7217572587941885,0.05958435127240813,0.36275124798318026,0.2723417009557828,0.6040591675424655
457,0.1135209325397537,0.9714935759629715,0.3354137432081489,0.06061900314217339,0.35852766860210306,0.15971287564148495,0.8627765240113721,0.3156000889740479
458,0.4155260287083443,0.5376405817916312,0.2811717440031304,0.5146461204374999,0.3314965361019181,0.8018863938201352,0.9768863138692921,0.34541963549194676
459,0.9295172323793778,0.6163572684697245,0.9413775366405538,0.4176437239412558,0.3903381947006759,0.21283577532898912,0.8592341813163175,0.7442920438093398
460,0.996047952679761,0.5839530354344025,0.5739680949742729,0.5819715451060464,0.994081651175698,0.831305003305737,0.8087203052436143,0.962146805760343
461,0.06267035014085642,0.914630437097981,0.4675639439943726,0.9057823643600494,0.5226998879558787,0.6082459379482147,0.6203883638804679,0.9863432806457756
462,0.3624161256799301,0.22664955546230048,0.05829659528840303,0.8988906862421999,0.1416953386705475,0.5553947145361083,0.012545245303318242,0.40241780687659
463,0.7492269284229753,0.2876588041929118,0.013447874033367557,0.546012346934607,0.061159153110300624,0.3906214839530847,0.592353735961559,0.2968081891322324
464,0.3720182272309459,0.46844047141071365,0.18948454828265926,0.967158633465411,0.1967467054852301,0.8247920275569548,0.24802409705186157,0.34382742551036616
465,0.0403149022762368,0.7775349582301528,0.06748488951577902,0.3429563766291154,0.37685909870717615,0.626838655741533,0.23922103251796167,0.3114207996318523
466,0.07002841832274354,0.832686616396769,0.8324284213807156,0.010823730266733,0.3604120964131371,0.8726822310466816,0.309669668914774,0.6321470295104946
467,0.5100392655867035,0.6592407990083158,0.7863157602256882,0.41872474000045845,0.6627841029023259,0.2017538936856509,0.4484346834444015,0.9055291860155722
468,0.5658600921313316,0.9687279740970511,0.0556380162353618,0.48048793561711,0.7664528057444843,0.3117627303703381,0.5164349261433295,0.4963733959611637
469,0.5168521365002887,0.5878192593575786,0.36949081201321254,0.280996061053178,0.959959968479101,0.9812590184414545,0.689348981658051,0.191638076581517
470,0.8776673070224412,0.7919128531582712,0.24881665087594274,0.05887560700783612,0.10930560289752755,0.30303894944474785,0.20441432648797841,0.961013741747346
471,0.25200960411432405,0.6376360526352197,0.025231104579926944,0.5899719473698682,0.3421254130696173,0.3592729546630007,0.4200448851949734,0.06310245365518374
472,0.872474902139754,0.6683453189126314,0.9060844341090972,0.2534714211800353,0.5702723803836794,0.6775871252772148,0.08790551203992403,0.44526641021746227
473,0.26076317141330063,0.5637537036817196,0.6845206339818469,0.1810315338778623,0.7190611682890568,0.48767480787551276,0.7765291300609488,0.6202301565728167
474,0.5849004187366164,0.11684705794261452,0.6971483561210275,0.48508831045933665,0.10664424374147397,0.3860130341108853,0.8271210731589366,0.7607770457184432
475,0.19863618483080359,0.8215711645295043,0.032597732917944655,0.8336265715413624,0.2077261673894253,0.7602250459663308,0.907833957525389,0.9407617404060207
476,0.48792120078853873,0.6267008567847271,0.6989417928985251,0.48166886287976196,0.9797212907837353,0.11776686923133795,0.7421450169986703,0.9002664012093189
477,0.8362095714330331,0.7151015464604992,0.9170999919285513,0.8756821559057113,0.3109157856231909,0.3969818694220988,0.6983610332640502,0.09463792358639489
478,0.3400866790672864,0.6024278569258361,0.8336279376066403,0.7525103680649312,0.9721124719905105,0.41508825819785955,0.2888678783745309,0.3011121363812148
479,0.46542838842709655,0.2241083883806234,0.4798005324377491,0.21666960071289554,0.40196026030606835,0.7453314675747988,0.3201092033263915,0.7816867765359514
480,0.9150555932733182,0.6968732655983874,0.4739809516596155,0.25182194946453085,0.3339544486815804,0.14484607762003832,0.5564407069161265,0.238759421020317
481,0.0274610769479553,0.9494013046697257,0.4251398400275276,0.11591927182000761,0.3160639422704359,0.12943983395520098,0.9188488813445194,0.6371131030350113
482,0.6717794921218714,0.09769160306759328,0.6476339013839608,0.9576326087500269,0.975690682030575,0.5580589230562619,0.4003360368958879,0.13444633625001245
483,0.8927462884243783,0.5504511107283603,0.8826774634380546,0.9068445848857704,0.627779596204384,0.7849295992388525,0.29468887451675496,0.9499706476769517
484,0.352060296256674,0.6972510628281187,0.1444062387861239,0.08526932726206227,0.07643129102614865,0.4762002615049288,0.3524149757677024,0.9084230658444546
485,0.06330357745382043,0.7869610278887202,0.24814507993100243,0.8373704186297871,0.9978756680892393,0.6000514364717752,0.14485806552981373,0.29601117437416535
486,0.5712690503701442,0.6107160924581136,0.22470146854414086,0.859758614157214,0.25460418123839246,0.8874055275496862,0.23501515463850842,0.6189871777049145
487,0.42419738224234826,0.33889252227089595,0.9114556228439717,0.8877302755659173,0.7583802236152031,0.6490532404510462,0.9313607243298797,0.2581375153500808
488,0.5391181322050731,0.34878264078067345,0.6386785879189804,0.7106105310820344,0.44827952550871464,0.7439146663152291,0.937997106591641,0.2183460003263249
489,0.5522483751806123,0.6067993871001359,0.6929687017021002,0.7620896259707628,0.014859614281271583,0.992266748714411,0.5157013740499548,0.592806792364132
490,0.8968539681897043,0.9611810879577153,0.8898434602672611,0.47071116941822655,0.0036764940009873515,0.6547723629632436,0.6830313675763521,0.8595241289866258
491,0.00869232604940351,0.6407261491124081,0.10138940371470406,0.9536958592828662,0.438752477834929,0.7496718364449794,0.10344207086540702,0.31702219657931663
492,0.7646029609633888,0.8389422795504136,0.061580737070467406,0.9922492474898181,0.22037358030845589,0.8524320260243008,0.979402626496094,0.16792527162043291
493,0.6878258196096182,0.695888897321849,0.0695643880091118,0.5290536957199347,0.961125712401279,0.9921966984444958,0.5237978176464138,0.4532632273498375
494,0.4975736666650077,0.18368352017083556,0.9568740737963695,0.36411908482472366,0.8081195741893427,0.564641984624273,0.36763833688518543,0.5952097939723495
495,0.5707464659176262,0.04004271325252928,0.879812887895447,0.6695088694332768,0.8229426214836524,0.7960680602045898,0.6557279446113301,0.19932721821859323
496,0.8488995707772812,0.8053084318702245,0.47644649123920313,0.5433419596834367,0.7705896216037362,0.9965932794533404,0.21357063870839654,0.018049647769528554
497,0.998142441451632,0.7479783882051212,0.9797712744897271,0.7595516238978895,0.5352735166917365,0.14876829740959174,0.8680799330393167,0.03146447830546251
498,0.9180640089221584,0.9225004002520796,0.6490424337940022,0.665997261863064,0.6989515463856396,0.5091917904252231,0.6719031338282001,0.2756643361464839
499,0.18421414536223635,0.5811107552060845,0.9539881977867766,0.7711584898854879,0.37302591410456987,0.06923741020968799,0.9792567605445655,0.02332718037483361
